{
	"data": {
		"container_operation_source": {
			"tag_name": "专场",
			"tag_icon": "http://p1.meituan.net/xianfu/a4167074795cfb33d819fd0590d1545b2048.png",
			"operation_source_list": [
				{
					"scheme": "meituanwaimai://waimai.meituan.com/productset?wmpoiid=495579&productsettag=1239222&provider=0",
					"content": "",
					"pic_url": "http://p1.meituan.net/xianfu/6588840adbcfbfe2c7a43aa69d4b36da107767.jpg",
					"sequence": 0,
					"type": 1
				}, {
					"scheme": "meituanwaimai://waimai.meituan.com/productset?wmpoiid=495579&productsettag=1239645&provider=0",
					"content": "",
					"pic_url": "http://p1.meituan.net/xianfu/378446763167442a511dc9d4c675d877144571.jpg",
					"sequence": 0,
					"type": 1
				}
			]
		},
		"food_spu_tags": [
			{
				"name": "热销",
				"icon": "http://p1.meituan.net/xianfu/10ba72e043ef4eca806cafb1a90a22662048.png",
				"spus": [
					{
						"id": 216599656,
						"name": "脆香油条",
						"min_price": 5.5,
						"praise_num": 3,
						"praise_content": "赞3",
						"tread_num": 0,
						"praise_num_new": 3,
						"unit": "例",
						"description": "",
						"picture": "http://p0.meituan.net/xianfu/35f41c0badc69352b886cc34080f1f9a232448.png",
						"month_saled": 154,
						"month_saled_content": "月售154",
						"status": 0,
						"status_description": "",
						"product_label_picture": "",
						"rating": {
							"comment_count": 0,
							"title": "外卖评价",
							"snd_title": "暂无",
							"praise_friends": "",
							"like_ratio_desc": "好评度",
							"like_ratio": "100%",
							"filter_type": 1,
							"comment_list": []
						}
					}, {
						"id": 96985579,
						"name": "麦辣鸡翅2块",
						"min_price": 11,
						"praise_num": 22,
						"praise_content": "赞22",
						"tread_num": 0,
						"praise_num_new": 22,
						"unit": "例",
						"description": "",
						"picture": "http://p0.meituan.net/xianfu/38bbfa3f955cbce3330f1cb6818d0ce6216794.png",
						"month_saled": 948,
						"month_saled_content": "月售948",
						"status": 3,
						"status_description": "非可售时间",
						"product_label_picture": "http://p1.meituan.net/aichequan/04789347d755465713550540942265d36475.png",
						"rating": {
							"comment_count": 4,
							"title": "外卖评价",
							"snd_title": "4条评论",
							"praise_friends": "",
							"like_ratio_desc": "好评度",
							"like_ratio": "100%",
							"filter_type": 1,
							"comment_list": [
								{
									"user_icon": "https://img.meituan.net/avatar/71ef89fa000e783d5b8d86c2767a9d28195580.jpg",
									"user_name": "ejX309524666",
									"comment_time": "2017.08.31",
									"comment_unix_time": 1504161290,
									"comment_content": "#奶油坚果酱中套餐#不好吃。还是奥尔良，麦辣鸡腿那些最经典的汉堡好吃。薯条软得不能再软了。我备注了可乐换芬达也没有换。#麦辣鸡翅2块#就还好，里面的肉挺嫩的，很入味。"
								}, {
									"user_icon": "https://img.meituan.net/avatar/6571c42526237b0118f437418e989d1187445.jpg",
									"user_name": "EAG789830055",
									"comment_time": "2017.08.18",
									"comment_unix_time": 1503030166,
									"comment_content": "#麦辣鸡翅2块#送错"
								}
							]
						}
					}, {
						"id": 151783280,
						"name": "经典麦辣鸡腿汉堡中薯套餐",
						"min_price": 29,
						"praise_num": 11,
						"praise_content": "赞11",
						"tread_num": 1,
						"praise_num_new": 11,
						"unit": "个",
						"description": "1个经典麦辣鸡腿汉堡 1份薯条(中) 1杯可口可乐(中)",
						"picture": "http://p1.meituan.net/xianfu/7d8678b48687b91e478be0f0c1f4c8e1361240.png",
						"month_saled": 608,
						"month_saled_content": "月售608",
						"status": 3,
						"status_description": "非可售时间",
						"product_label_picture": "",
						"rating": {
							"comment_count": 6,
							"title": "外卖评价",
							"snd_title": "6条评论",
							"praise_friends": "",
							"like_ratio_desc": "好评度",
							"like_ratio": "91%",
							"filter_type": 1,
							"comment_list": [
								{
									"user_icon": "",
									"user_name": "匿名用户",
									"comment_time": "2017.09.07",
									"comment_unix_time": 1504775663,
									"comment_content": "#小食纷享盒（含鸡排）##麦辣鸡腿汉堡中套餐##蜜汁柠檬风味那么大鸡翅#"
								}, {
									"user_icon": "https://img.meituan.net/avatar/4df07741b8a7c4bd69ab72097eb8ed5a23369.jpg",
									"user_name": "无1139",
									"comment_time": "2017.08.15",
									"comment_unix_time": 1502779026,
									"comment_content": "#麦辣鸡腿汉堡中套餐#好吃"
								}
							]
						}
					}, {
						"id": 96985580,
						"name": "麦乐鸡5块",
						"min_price": 11,
						"praise_num": 15,
						"praise_content": "赞15",
						"tread_num": 0,
						"praise_num_new": 15,
						"unit": "例",
						"description": "5块麦乐鸡",
						"picture": "http://p1.meituan.net/xianfu/d8aa381c66769f43d76582ea65f8ef59231885.png",
						"month_saled": 515,
						"month_saled_content": "月售515",
						"status": 3,
						"status_description": "非可售时间",
						"product_label_picture": "",
						"rating": {
							"comment_count": 5,
							"title": "外卖评价",
							"snd_title": "5条评论",
							"praise_friends": "",
							"like_ratio_desc": "好评度",
							"like_ratio": "100%",
							"filter_type": 1,
							"comment_list": [
								{
									"user_icon": "",
									"user_name": "匿名用户",
									"comment_time": "2017.09.24",
									"comment_unix_time": 1506185729,
									"comment_content": "麦当劳死忠粉！挚爱麦乐鸡和辣翅"
								}, {
									"user_icon": "",
									"user_name": "匿名用户",
									"comment_time": "2017.09.01",
									"comment_unix_time": 1504278628,
									"comment_content": "番茄酱一包没给，麦乐鸡的酸甜酱也没给！哎"
								}
							]
						}
					}, {
						"id": 96985585,
						"name": "麦辣鸡翅4块",
						"min_price": 22,
						"praise_num": 7,
						"praise_content": "赞7",
						"tread_num": 0,
						"praise_num_new": 7,
						"unit": "例",
						"description": "",
						"picture": "http://p0.meituan.net/xianfu/416b9ebd6b13d45b39cac9f7a21967ba234597.png",
						"month_saled": 402,
						"month_saled_content": "月售402",
						"status": 3,
						"status_description": "非可售时间",
						"product_label_picture": "",
						"rating": {
							"comment_count": 11,
							"title": "外卖评价",
							"snd_title": "11条评论",
							"praise_friends": "",
							"like_ratio_desc": "好评度",
							"like_ratio": "100%",
							"filter_type": 1,
							"comment_list": [
								{
									"user_icon": "https://img.meituan.net/avatar/7ad80904126baabba33ea41024cd545b21530.jpg",
									"user_name": "張弓長",
									"comment_time": "2017.10.06",
									"comment_unix_time": 1507300695,
									"comment_content": "#小食纷享盒A（含薯条就酱）##麦辣鸡翅4块##经典麦辣鸡腿汉堡#送餐有点慢"
								}, {
									"user_icon": "",
									"user_name": "GDq177157764",
									"comment_time": "2017.09.28",
									"comment_unix_time": 1506612877,
									"comment_content": " 鸡翅感觉味道不是很好，包装薯条可以用小袋子装好。有点散落"
								}
							]
						}
					}, {
						"id": 96985052,
						"name": "经典麦辣鸡腿汉堡",
						"min_price": 17,
						"praise_num": 9,
						"praise_content": "赞9",
						"tread_num": 0,
						"praise_num_new": 9,
						"unit": "例",
						"description": "",
						"picture": "http://p0.meituan.net/xianfu/549f44bcf8326227d355aa3539ebd52f340133.png",
						"month_saled": 371,
						"month_saled_content": "月售371",
						"status": 3,
						"status_description": "非可售时间",
						"product_label_picture": "",
						"rating": {
							"comment_count": 16,
							"title": "外卖评价",
							"snd_title": "16条评论",
							"praise_friends": "",
							"like_ratio_desc": "好评度",
							"like_ratio": "100%",
							"filter_type": 1,
							"comment_list": [
								{
									"user_icon": "",
									"user_name": "匿名用户",
									"comment_time": "2017.10.12",
									"comment_unix_time": 1507814453,
									"comment_content": "好吃#霆锋酷辣鸡腿堡大薯套餐#"
								}, {
									"user_icon": "https://img.meituan.net/avatar/7ad80904126baabba33ea41024cd545b21530.jpg",
									"user_name": "張弓長",
									"comment_time": "2017.10.06",
									"comment_unix_time": 1507300695,
									"comment_content": "#小食纷享盒A（含薯条就酱）##麦辣鸡翅4块##经典麦辣鸡腿汉堡#送餐有点慢"
								}
							]
						}
					}, {
						"id": 110713378,
						"name": "原味板烧鸡腿堡中薯套餐",
						"min_price": 30,
						"praise_num": 4,
						"praise_content": "赞4",
						"tread_num": 0,
						"praise_num_new": 4,
						"unit": "个",
						"description": "1个原味板烧鸡腿堡 1份薯条(中) 1杯可口可乐(中)",
						"picture": "http://p1.meituan.net/xianfu/71f534915c7763796729a1d9721fb1f1389269.png",
						"month_saled": 337,
						"month_saled_content": "月售337",
						"status": 3,
						"status_description": "非可售时间",
						"product_label_picture": "",
						"rating": {
							"comment_count": 2,
							"title": "外卖评价",
							"snd_title": "2条评论",
							"praise_friends": "",
							"like_ratio_desc": "好评度",
							"like_ratio": "100%",
							"filter_type": 1,
							"comment_list": [
								{
									"user_icon": "",
									"user_name": "匿名用户",
									"comment_time": "2017.08.22",
									"comment_unix_time": 1503408334,
									"comment_content": "缩小了吗#原味板烧鸡腿堡中套餐#"
								}, {
									"user_icon": "https://img.meituan.net/avatar/41aaa02a7ef43eb09dd6cc404e06990023891.jpg",
									"user_name": "kong2185",
									"comment_time": "2017.07.22",
									"comment_unix_time": 1500708113,
									"comment_content": "鸡腿好辣嗷不过味道可以"
								}
							]
						}
					}, {
						"id": 96985036,
						"name": "原味板烧鸡腿堡",
						"min_price": 18,
						"praise_num": 5,
						"praise_content": "赞5",
						"tread_num": 0,
						"praise_num_new": 5,
						"unit": "例",
						"description": "",
						"picture": "http://p1.meituan.net/xianfu/11d12a87c1a7aa58fa677c7b966b6594323357.png",
						"month_saled": 263,
						"month_saled_content": "月售263",
						"status": 3,
						"status_description": "非可售时间",
						"product_label_picture": "",
						"rating": {
							"comment_count": 0,
							"title": "外卖评价",
							"snd_title": "暂无",
							"praise_friends": "",
							"like_ratio_desc": "好评度",
							"like_ratio": "100%",
							"filter_type": 1,
							"comment_list": []
						}
					}, {
						"id": 221795394,
						"name": "薯条（大）",
						"min_price": 12,
						"praise_num": 4,
						"praise_content": "赞4",
						"tread_num": 0,
						"praise_num_new": 4,
						"unit": "例",
						"description": "",
						"picture": "http://p1.meituan.net/xianfu/af31248c3489ed58435de3f88f1ee09d235371.png",
						"month_saled": 231,
						"month_saled_content": "月售231",
						"status": 3,
						"status_description": "非可售时间",
						"product_label_picture": "",
						"rating": {
							"comment_count": 1,
							"title": "外卖评价",
							"snd_title": "1条评论",
							"praise_friends": "",
							"like_ratio_desc": "好评度",
							"like_ratio": "100%",
							"filter_type": 1,
							"comment_list": [
								{
									"user_icon": "",
									"user_name": "匿名用户",
									"comment_time": "2017.09.16",
									"comment_unix_time": 1505537589,
									"comment_content": "#薯条（大）##不素之霸双层牛肉堡精选套餐#两份薯条全软了"
								}
							]
						}
					}, {
						"id": 96985064,
						"name": "香骨鸡腿",
						"min_price": 12,
						"praise_num": 6,
						"praise_content": "赞6",
						"tread_num": 0,
						"praise_num_new": 6,
						"unit": "例",
						"description": "",
						"picture": "http://p1.meituan.net/xianfu/e2bc458aec29f590dca898919077d839237268.png",
						"month_saled": 207,
						"month_saled_content": "月售207",
						"status": 3,
						"status_description": "非可售时间",
						"product_label_picture": "",
						"rating": {
							"comment_count": 4,
							"title": "外卖评价",
							"snd_title": "4条评论",
							"praise_friends": "",
							"like_ratio_desc": "好评度",
							"like_ratio": "100%",
							"filter_type": 1,
							"comment_list": [
								{
									"user_icon": "https://img.meituan.net/avatar/7ad80904126baabba33ea41024cd545b21530.jpg",
									"user_name": "張弓長",
									"comment_time": "2017.10.06",
									"comment_unix_time": 1507300695,
									"comment_content": "#小食纷享盒A（含薯条就酱）##麦辣鸡翅4块##经典麦辣鸡腿汉堡#送餐有点慢"
								}, {
									"user_icon": "https://img.meituan.net/avatar/41aaa02a7ef43eb09dd6cc404e06990023891.jpg",
									"user_name": "kong2185",
									"comment_time": "2017.07.22",
									"comment_unix_time": 1500708113,
									"comment_content": "鸡腿好辣嗷不过味道可以"
								}
							]
						}
					}
				]
			}, {
				"name": "早餐",
				"icon": "",
				"spus": [
					{
						"id": 216597252,
						"name": "优品豆浆（大）",
						"min_price": 11,
						"praise_num": 0,
						"praise_content": "赞0",
						"tread_num": 0,
						"praise_num_new": 0,
						"unit": "例",
						"description": "",
						"picture": "http://p1.meituan.net/xianfu/15da864a97ac5b19127b9038df46eb4c155078.png",
						"month_saled": 74,
						"month_saled_content": "月售74",
						"status": 0,
						"status_description": "",
						"product_label_picture": "",
						"rating": {
							"comment_count": 4,
							"title": "外卖评价",
							"snd_title": "4条评论",
							"praise_friends": "",
							"like_ratio_desc": "好评度",
							"like_ratio": "",
							"filter_type": 1,
							"comment_list": [
								{
									"user_icon": "",
									"user_name": "Dic685222804",
									"comment_time": "2017.08.22",
									"comment_unix_time": 1503367854,
									"comment_content": "速度快。全烫手，服务态度好，😊 就是 少了杯大豆浆，整体不错"
								}, {
									"user_icon": "https://img.meituan.net/avatar/657cbe0dad0fdb4cef2992015b0634808303.jpg",
									"user_name": "小巫爱",
									"comment_time": "2017.08.18",
									"comment_unix_time": 1503024935,
									"comment_content": "豆浆口味还可以，包装太难拆了"
								}
							]
						}
					}, {
						"id": 216599462,
						"name": "金馒头",
						"min_price": 5,
						"praise_num": 1,
						"praise_content": "赞1",
						"tread_num": 0,
						"praise_num_new": 1,
						"unit": "例",
						"description": "",
						"picture": "http://p1.meituan.net/xianfu/0fbd3c2773c621157e170cdb2ada929b170852.png",
						"month_saled": 48,
						"month_saled_content": "月售48",
						"status": 0,
						"status_description": "",
						"product_label_picture": "",
						"rating": {
							"comment_count": 1,
							"title": "外卖评价",
							"snd_title": "1条评论",
							"praise_friends": "",
							"like_ratio_desc": "好评度",
							"like_ratio": "100%",
							"filter_type": 1,
							"comment_list": [
								{
									"user_icon": "https://img.meituan.net/avatar/8244f1577095cb691764ff9e0ce0570813916.jpg",
									"user_name": "xinwer123456789",
									"comment_time": "2017.06.01",
									"comment_unix_time": 1496295028,
									"comment_content": "#原味板烧鸡腿麦满分配脆薯饼#这个挺#金馒头#都好吃，就是金馒头有点儿硬有没特殊情况，慢吞吞的，预定时间过了，我催了两次都没送来"
								}
							]
						}
					}, {
						"id": 216599656,
						"name": "脆香油条",
						"min_price": 5.5,
						"praise_num": 3,
						"praise_content": "赞3",
						"tread_num": 0,
						"praise_num_new": 3,
						"unit": "例",
						"description": "",
						"picture": "http://p0.meituan.net/xianfu/35f41c0badc69352b886cc34080f1f9a232448.png",
						"month_saled": 154,
						"month_saled_content": "月售154",
						"status": 0,
						"status_description": "",
						"product_label_picture": "",
						"rating": {
							"comment_count": 0,
							"title": "外卖评价",
							"snd_title": "暂无",
							"praise_friends": "",
							"like_ratio_desc": "好评度",
							"like_ratio": "100%",
							"filter_type": 1,
							"comment_list": []
						}
					}, {
						"id": 216588956,
						"name": "脆薯饼",
						"min_price": 5,
						"praise_num": 2,
						"praise_content": "赞2",
						"tread_num": 0,
						"praise_num_new": 2,
						"unit": "个",
						"description": "",
						"picture": "http://p0.meituan.net/xianfu/fe598e97b9bc4e08d9dfec5c2c9180d3179470.png",
						"month_saled": 107,
						"month_saled_content": "月售107",
						"status": 0,
						"status_description": "",
						"product_label_picture": "",
						"rating": {
							"comment_count": 0,
							"title": "外卖评价",
							"snd_title": "暂无",
							"praise_friends": "",
							"like_ratio_desc": "好评度",
							"like_ratio": "100%",
							"filter_type": 1,
							"comment_list": []
						}
					}, {
						"id": 216599288,
						"name": "猪柳麦满分配脆薯饼",
						"min_price": 18.5,
						"praise_num": 0,
						"praise_content": "赞0",
						"tread_num": 0,
						"praise_num_new": 0,
						"unit": "个",
						"description": "1个猪柳麦满分 1个脆薯饼 1杯鲜煮咖啡（大杯）",
						"picture": "http://p0.meituan.net/xianfu/e7219fd5ed8254b545247684b2cc5d5c14217.jpg",
						"month_saled": 99,
						"month_saled_content": "月售99",
						"status": 0,
						"status_description": "",
						"product_label_picture": "",
						"rating": {
							"comment_count": 0,
							"title": "外卖评价",
							"snd_title": "暂无",
							"praise_friends": "",
							"like_ratio_desc": "好评度",
							"like_ratio": "",
							"filter_type": 1,
							"comment_list": []
						}
					}, {
						"id": 216600508,
						"name": "板烧鸡腿早晨全餐配鲜煮咖啡",
						"min_price": 28,
						"praise_num": 0,
						"praise_content": "赞0",
						"tread_num": 0,
						"praise_num_new": 0,
						"unit": "个",
						"description": "1份板烧鸡腿早晨全餐 1杯鲜煮咖啡（大）",
						"picture": "http://p1.meituan.net/xianfu/0ca1c0a3c485cc09e18598c5566ee9f5345618.png",
						"month_saled": 41,
						"month_saled_content": "月售41",
						"status": 0,
						"status_description": "",
						"product_label_picture": "",
						"rating": {
							"comment_count": 0,
							"title": "外卖评价",
							"snd_title": "暂无",
							"praise_friends": "",
							"like_ratio_desc": "好评度",
							"like_ratio": "",
							"filter_type": 1,
							"comment_list": []
						}
					}, {
						"id": 438865919,
						"name": "栗子风味优品豆浆（大）",
						"min_price": 12,
						"praise_num": 0,
						"praise_content": "赞0",
						"tread_num": 0,
						"praise_num_new": 0,
						"unit": "例",
						"description": "大杯栗子豆浆1杯",
						"picture": "http://p0.meituan.net/xianfu/59d78c6b0080b108a14c3c5895ceadd635378.jpg",
						"month_saled": 10,
						"month_saled_content": "月售10",
						"status": 0,
						"status_description": "",
						"product_label_picture": "",
						"rating": {
							"comment_count": 0,
							"title": "外卖评价",
							"snd_title": "暂无",
							"praise_friends": "",
							"like_ratio_desc": "好评度",
							"like_ratio": "",
							"filter_type": 1,
							"comment_list": []
						}
					}, {
						"id": 216588917,
						"name": "火腿扒蛋麦煎饼配脆薯饼",
						"min_price": 21,
						"praise_num": 0,
						"praise_content": "赞0",
						"tread_num": 0,
						"praise_num_new": 0,
						"unit": "个",
						"description": "1个火腿扒蛋麦煎饼 1个脆薯饼 1杯优品豆浆（大）",
						"picture": "http://p1.meituan.net/xianfu/6aa38967bc35763ec79ba18c16bf61df322968.png",
						"month_saled": 38,
						"month_saled_content": "月售38",
						"status": 0,
						"status_description": "",
						"product_label_picture": "",
						"rating": {
							"comment_count": 0,
							"title": "外卖评价",
							"snd_title": "暂无",
							"praise_friends": "",
							"like_ratio_desc": "好评度",
							"like_ratio": "",
							"filter_type": 1,
							"comment_list": []
						}
					}, {
						"id": 216600219,
						"name": "油条培根蛋麦煎饼配脆薯饼",
						"min_price": 22,
						"praise_num": 2,
						"praise_content": "赞2",
						"tread_num": 0,
						"praise_num_new": 2,
						"unit": "个",
						"description": "1个油条培根蛋麦煎饼 1个脆薯饼 1杯优品豆浆（大）",
						"picture": "http://p1.meituan.net/xianfu/57d025b20ae30ffd90a30bd688050850269856.png",
						"month_saled": 29,
						"month_saled_content": "月售29",
						"status": 0,
						"status_description": "",
						"product_label_picture": "",
						"rating": {
							"comment_count": 0,
							"title": "外卖评价",
							"snd_title": "暂无",
							"praise_friends": "",
							"like_ratio_desc": "好评度",
							"like_ratio": "100%",
							"filter_type": 1,
							"comment_list": []
						}
					}
				]
			}, {
				"name": "促销产品和热卖产品",
				"icon": "",
				"spus": [
					{
						"id": 438870237,
						"name": "拉蒙鲜脆纯牛堡",
						"min_price": 28,
						"praise_num": 2,
						"praise_content": "赞2",
						"tread_num": 0,
						"praise_num_new": 2,
						"unit": "例",
						"description": "拉蒙鲜脆纯牛堡1个",
						"picture": "http://p0.meituan.net/xianfu/d21c8f8f4ce2aaa45018a3a80e92745d1581483.jpg",
						"month_saled": 29,
						"month_saled_content": "月售29",
						"status": 3,
						"status_description": "非可售时间",
						"product_label_picture": "",
						"rating": {
							"comment_count": 0,
							"title": "外卖评价",
							"snd_title": "暂无",
							"praise_friends": "",
							"like_ratio_desc": "好评度",
							"like_ratio": "100%",
							"filter_type": 1,
							"comment_list": []
						}
					}, {
						"id": 438863406,
						"name": "霆锋酷辣鸡腿堡",
						"min_price": 28,
						"praise_num": 0,
						"praise_content": "赞0",
						"tread_num": 1,
						"praise_num_new": 0,
						"unit": "例",
						"description": "霆锋酷辣鸡腿堡1个",
						"picture": "http://p0.meituan.net/xianfu/05db2e2e2ac23770897033b452a67ff2305715.jpg",
						"month_saled": 32,
						"month_saled_content": "月售32",
						"status": 3,
						"status_description": "非可售时间",
						"product_label_picture": "",
						"rating": {
							"comment_count": 0,
							"title": "外卖评价",
							"snd_title": "暂无",
							"praise_friends": "",
							"like_ratio_desc": "好评度",
							"like_ratio": "0%",
							"filter_type": 1,
							"comment_list": []
						}
					}, {
						"id": 438902255,
						"name": "霆锋酷辣鸡腿堡大薯套餐",
						"min_price": 44,
						"praise_num": 0,
						"praise_content": "赞0",
						"tread_num": 0,
						"praise_num_new": 0,
						"unit": "个",
						"description": "霆锋酷辣鸡腿堡1个 大可乐1杯 大薯条1份",
						"picture": "http://p0.meituan.net/xianfu/1753ceba8b48c980e54491f98fdd0358341000.jpg",
						"month_saled": 27,
						"month_saled_content": "月售27",
						"status": 3,
						"status_description": "非可售时间",
						"product_label_picture": "",
						"rating": {
							"comment_count": 1,
							"title": "外卖评价",
							"snd_title": "1条评论",
							"praise_friends": "",
							"like_ratio_desc": "好评度",
							"like_ratio": "",
							"filter_type": 1,
							"comment_list": [
								{
									"user_icon": "",
									"user_name": "匿名用户",
									"comment_time": "2017.10.12",
									"comment_unix_time": 1507814453,
									"comment_content": "好吃#霆锋酷辣鸡腿堡大薯套餐#"
								}
							]
						}
					}, {
						"id": 96986070,
						"name": "麦趣鸡盒（含麦乐鸡）",
						"min_price": 89,
						"praise_num": 0,
						"praise_content": "赞0",
						"tread_num": 0,
						"praise_num_new": 0,
						"unit": "个",
						"description": "麦乐鸡7块 香骨鸡腿3个 麦辣鸡翅6块 中可乐2杯",
						"picture": "http://p1.meituan.net/xianfu/4f7707edf2fd2caf687d200028140292120643.jpg",
						"month_saled": 23,
						"month_saled_content": "月售23",
						"status": 3,
						"status_description": "非可售时间",
						"product_label_picture": "",
						"rating": {
							"comment_count": 0,
							"title": "外卖评价",
							"snd_title": "暂无",
							"praise_friends": "",
							"like_ratio_desc": "好评度",
							"like_ratio": "",
							"filter_type": 1,
							"comment_list": []
						}
					}, {
						"id": 438870076,
						"name": "可口派1个",
						"min_price": 8.5,
						"praise_num": 1,
						"praise_content": "赞1",
						"tread_num": 0,
						"praise_num_new": 1,
						"unit": "例",
						"description": "",
						"picture": "http://p1.meituan.net/xianfu/d32dcf3dd572f516fa45a8323dca61b41519619.jpg",
						"month_saled": 35,
						"month_saled_content": "月售35",
						"status": 3,
						"status_description": "非可售时间",
						"product_label_picture": "",
						"rating": {
							"comment_count": 0,
							"title": "外卖评价",
							"snd_title": "暂无",
							"praise_friends": "",
							"like_ratio_desc": "好评度",
							"like_ratio": "100%",
							"filter_type": 1,
							"comment_list": []
						}
					}, {
						"id": 438902521,
						"name": "可口派2个",
						"min_price": 13.5,
						"praise_num": 3,
						"praise_content": "赞3",
						"tread_num": 0,
						"praise_num_new": 3,
						"unit": "个",
						"description": "可口派2个",
						"picture": "http://p0.meituan.net/xianfu/cf8181f0a3e20ec38f6e8b56d4cf2a401586678.jpg",
						"month_saled": 43,
						"month_saled_content": "月售43",
						"status": 3,
						"status_description": "非可售时间",
						"product_label_picture": "",
						"rating": {
							"comment_count": 0,
							"title": "外卖评价",
							"snd_title": "暂无",
							"praise_friends": "",
							"like_ratio_desc": "好评度",
							"like_ratio": "100%",
							"filter_type": 1,
							"comment_list": []
						}
					}, {
						"id": 438849280,
						"name": "海盐柠檬苏打风味汽水",
						"min_price": 11.5,
						"praise_num": 0,
						"praise_content": "赞0",
						"tread_num": 0,
						"praise_num_new": 0,
						"unit": "例",
						"description": "海盐柠檬苏打风味汽水1杯",
						"picture": "http://p0.meituan.net/xianfu/e52f46a35ac3637929be444e82a8ba031440068.jpg",
						"month_saled": 17,
						"month_saled_content": "月售17",
						"status": 3,
						"status_description": "非可售时间",
						"product_label_picture": "",
						"rating": {
							"comment_count": 0,
							"title": "外卖评价",
							"snd_title": "暂无",
							"praise_friends": "",
							"like_ratio_desc": "好评度",
							"like_ratio": "",
							"filter_type": 1,
							"comment_list": []
						}
					}, {
						"id": 438870185,
						"name": "小食纷享盒A",
						"min_price": 30,
						"praise_num": 2,
						"praise_content": "赞2",
						"tread_num": 0,
						"praise_num_new": 2,
						"unit": "例",
						"description": "薯条就酱田园芥末蜂蜜风味1份 那么大鸡排1份 麦乐鸡4块",
						"picture": "http://p0.meituan.net/xianfu/34a0b07c3e9cd27577fad6f35f24d6341608364.jpg",
						"month_saled": 24,
						"month_saled_content": "月售24",
						"status": 3,
						"status_description": "非可售时间",
						"product_label_picture": "",
						"rating": {
							"comment_count": 0,
							"title": "外卖评价",
							"snd_title": "暂无",
							"praise_friends": "",
							"like_ratio_desc": "好评度",
							"like_ratio": "100%",
							"filter_type": 1,
							"comment_list": []
						}
					}, {
						"id": 234806439,
						"name": "5人欢享盛宴餐",
						"min_price": 199,
						"praise_num": 0,
						"praise_content": "赞0",
						"tread_num": 0,
						"praise_num_new": 0,
						"unit": "个",
						"description": "麦辣鸡腿堡2个 板烧鸡腿堡2个 巨无霸1个 麦乐鸡20块 麦辣鸡翅9块 那么大鸡排1份 小玉米2份 菠萝派2个 香芋派2个 中可乐3杯 美汁源阳光橙2杯",
						"picture": "http://p0.meituan.net/xianfu/efc8f6ce851689fc71fc66f102e75963145780.jpg",
						"month_saled": 4,
						"month_saled_content": "月售4",
						"status": 3,
						"status_description": "非可售时间",
						"product_label_picture": "",
						"rating": {
							"comment_count": 0,
							"title": "外卖评价",
							"snd_title": "暂无",
							"praise_friends": "",
							"like_ratio_desc": "好评度",
							"like_ratio": "",
							"filter_type": 1,
							"comment_list": []
						}
					}
				]
			}, {
				"name": "主食",
				"icon": "",
				"spus": [
					{
						"id": 96985036,
						"name": "原味板烧鸡腿堡",
						"min_price": 18,
						"praise_num": 5,
						"praise_content": "赞5",
						"tread_num": 0,
						"praise_num_new": 5,
						"unit": "例",
						"description": "",
						"picture": "http://p1.meituan.net/xianfu/11d12a87c1a7aa58fa677c7b966b6594323357.png",
						"month_saled": 263,
						"month_saled_content": "月售263",
						"status": 3,
						"status_description": "非可售时间",
						"product_label_picture": "",
						"rating": {
							"comment_count": 0,
							"title": "外卖评价",
							"snd_title": "暂无",
							"praise_friends": "",
							"like_ratio_desc": "好评度",
							"like_ratio": "100%",
							"filter_type": 1,
							"comment_list": []
						}
					}, {
						"id": 96985590,
						"name": "巨无霸",
						"min_price": 20,
						"praise_num": 2,
						"praise_content": "赞2",
						"tread_num": 0,
						"praise_num_new": 2,
						"unit": "例",
						"description": "",
						"picture": "http://p1.meituan.net/xianfu/bea403c55f25302e3a342e2ce68d1673479937.png",
						"month_saled": 79,
						"month_saled_content": "月售79",
						"status": 3,
						"status_description": "非可售时间",
						"product_label_picture": "",
						"rating": {
							"comment_count": 0,
							"title": "外卖评价",
							"snd_title": "暂无",
							"praise_friends": "",
							"like_ratio_desc": "好评度",
							"like_ratio": "100%",
							"filter_type": 1,
							"comment_list": []
						}
					}, {
						"id": 96985057,
						"name": "培根蔬萃双层牛堡",
						"min_price": 21,
						"praise_num": 1,
						"praise_content": "赞1",
						"tread_num": 1,
						"praise_num_new": 1,
						"unit": "例",
						"description": "",
						"picture": "http://p1.meituan.net/xianfu/8bdfa160293b923cfbd50e2a90c6b8e9127708.jpg",
						"month_saled": 37,
						"month_saled_content": "月售37",
						"status": 3,
						"status_description": "非可售时间",
						"product_label_picture": "",
						"rating": {
							"comment_count": 2,
							"title": "外卖评价",
							"snd_title": "2条评论",
							"praise_friends": "",
							"like_ratio_desc": "好评度",
							"like_ratio": "50%",
							"filter_type": 1,
							"comment_list": [
								{
									"user_icon": "",
									"user_name": "tNr607465983",
									"comment_time": "2017.09.22",
									"comment_unix_time": 1506053859,
									"comment_content": "培根#培根蔬萃双层牛堡# 没有牛肉"
								}, {
									"user_icon": "",
									"user_name": "匿名用户",
									"comment_time": "2017.05.04",
									"comment_unix_time": 1493889572,
									"comment_content": "#培根蔬萃双层牛堡#个人不喜欢吃吧 其它都好"
								}
							]
						}
					}, {
						"id": 96985032,
						"name": "麦香鸡",
						"min_price": 11,
						"praise_num": 4,
						"praise_content": "赞4",
						"tread_num": 0,
						"praise_num_new": 4,
						"unit": "例",
						"description": "",
						"picture": "http://p1.meituan.net/xianfu/85ce1f49ad8b5420d7a21067d274110c303543.png",
						"month_saled": 86,
						"month_saled_content": "月售86",
						"status": 3,
						"status_description": "非可售时间",
						"product_label_picture": "",
						"rating": {
							"comment_count": 0,
							"title": "外卖评价",
							"snd_title": "暂无",
							"praise_friends": "",
							"like_ratio_desc": "好评度",
							"like_ratio": "100%",
							"filter_type": 1,
							"comment_list": []
						}
					}, {
						"id": 195834403,
						"name": "汉堡包",
						"min_price": 7.5,
						"praise_num": 1,
						"praise_content": "赞1",
						"tread_num": 0,
						"praise_num_new": 1,
						"unit": "例",
						"description": "",
						"picture": "http://p1.meituan.net/xianfu/2464c58bb059694acd717269ec112750238375.png",
						"month_saled": 57,
						"month_saled_content": "月售57",
						"status": 3,
						"status_description": "非可售时间",
						"product_label_picture": "",
						"rating": {
							"comment_count": 0,
							"title": "外卖评价",
							"snd_title": "暂无",
							"praise_friends": "",
							"like_ratio_desc": "好评度",
							"like_ratio": "100%",
							"filter_type": 1,
							"comment_list": []
						}
					}, {
						"id": 238544154,
						"name": "不素之霸双层牛肉堡",
						"min_price": 21,
						"praise_num": 2,
						"praise_content": "赞2",
						"tread_num": 0,
						"praise_num_new": 2,
						"unit": "例",
						"description": "",
						"picture": "http://p1.meituan.net/xianfu/6f8868b72f259c225fa3b66c597a325485367.jpg",
						"month_saled": 50,
						"month_saled_content": "月售50",
						"status": 3,
						"status_description": "非可售时间",
						"product_label_picture": "",
						"rating": {
							"comment_count": 0,
							"title": "外卖评价",
							"snd_title": "暂无",
							"praise_friends": "",
							"like_ratio_desc": "好评度",
							"like_ratio": "100%",
							"filter_type": 1,
							"comment_list": []
						}
					}, {
						"id": 96985052,
						"name": "经典麦辣鸡腿汉堡",
						"min_price": 17,
						"praise_num": 9,
						"praise_content": "赞9",
						"tread_num": 0,
						"praise_num_new": 9,
						"unit": "例",
						"description": "",
						"picture": "http://p0.meituan.net/xianfu/549f44bcf8326227d355aa3539ebd52f340133.png",
						"month_saled": 371,
						"month_saled_content": "月售371",
						"status": 3,
						"status_description": "非可售时间",
						"product_label_picture": "",
						"rating": {
							"comment_count": 16,
							"title": "外卖评价",
							"snd_title": "16条评论",
							"praise_friends": "",
							"like_ratio_desc": "好评度",
							"like_ratio": "100%",
							"filter_type": 1,
							"comment_list": [
								{
									"user_icon": "",
									"user_name": "匿名用户",
									"comment_time": "2017.10.12",
									"comment_unix_time": 1507814453,
									"comment_content": "好吃#霆锋酷辣鸡腿堡大薯套餐#"
								}, {
									"user_icon": "https://img.meituan.net/avatar/7ad80904126baabba33ea41024cd545b21530.jpg",
									"user_name": "張弓長",
									"comment_time": "2017.10.06",
									"comment_unix_time": 1507300695,
									"comment_content": "#小食纷享盒A（含薯条就酱）##麦辣鸡翅4块##经典麦辣鸡腿汉堡#送餐有点慢"
								}
							]
						}
					}, {
						"id": 384784834,
						"name": "蜜汁鸡腿满碗饭",
						"min_price": 23,
						"praise_num": 1,
						"praise_content": "赞1",
						"tread_num": 0,
						"praise_num_new": 1,
						"unit": "例",
						"description": "",
						"picture": "http://p0.meituan.net/xianfu/6284d37a9e54269fd0400efa02d5c90a285459.png",
						"month_saled": 20,
						"month_saled_content": "月售20",
						"status": 3,
						"status_description": "非可售时间",
						"product_label_picture": "",
						"rating": {
							"comment_count": 0,
							"title": "外卖评价",
							"snd_title": "暂无",
							"praise_friends": "",
							"like_ratio_desc": "好评度",
							"like_ratio": "100%",
							"filter_type": 1,
							"comment_list": []
						}
					}
				]
			} , {
				"name": "超值套餐",
				"icon": "",
				"spus": [
					{
						"id": 438907545,
						"name": "拉蒙鲜脆纯牛堡配中薯套餐",
						"min_price": 40,
						"praise_num": 0,
						"praise_content": "赞0",
						"tread_num": 0,
						"praise_num_new": 0,
						"unit": "个",
						"description": "拉蒙鲜脆纯牛堡1个 中可乐1杯 中薯条1份",
						"picture": "http://p1.meituan.net/xianfu/7f82f14f500c3ed756cbe10f7be9f83a1602967.jpg",
						"month_saled": 22,
						"month_saled_content": "月售22",
						"status": 3,
						"status_description": "非可售时间",
						"product_label_picture": "",
						"rating": {
							"comment_count": 0,
							"title": "外卖评价",
							"snd_title": "暂无",
							"praise_friends": "",
							"like_ratio_desc": "好评度",
							"like_ratio": "",
							"filter_type": 1,
							"comment_list": []
						}
					}, {
						"id": 438871015,
						"name": "拉蒙鲜脆纯牛堡配小玉套餐",
						"min_price": 40,
						"praise_num": 0,
						"praise_content": "赞0",
						"tread_num": 0,
						"praise_num_new": 0,
						"unit": "个",
						"description": "拉蒙鲜脆纯牛堡1个 中可乐1杯 小玉米1份",
						"picture": "http://p0.meituan.net/xianfu/6b627c257be945896bade6ba1dd561331583089.jpg",
						"month_saled": 8,
						"month_saled_content": "月售8",
						"status": 3,
						"status_description": "非可售时间",
						"product_label_picture": "",
						"rating": {
							"comment_count": 0,
							"title": "外卖评价",
							"snd_title": "暂无",
							"praise_friends": "",
							"like_ratio_desc": "好评度",
							"like_ratio": "",
							"filter_type": 1,
							"comment_list": []
						}
					}, {
						"id": 438905783,
						"name": "霆锋酷辣鸡腿堡配中薯套餐",
						"min_price": 40,
						"praise_num": 1,
						"praise_content": "赞1",
						"tread_num": 0,
						"praise_num_new": 1,
						"unit": "个",
						"description": "霆锋酷辣鸡腿堡1个 中可乐1杯 中薯条1份",
						"picture": "http://p0.meituan.net/xianfu/c5f347517efea6e88e4e5658f2157d86324027.jpg",
						"month_saled": 16,
						"month_saled_content": "月售16",
						"status": 3,
						"status_description": "非可售时间",
						"product_label_picture": "",
						"rating": {
							"comment_count": 0,
							"title": "外卖评价",
							"snd_title": "暂无",
							"praise_friends": "",
							"like_ratio_desc": "好评度",
							"like_ratio": "100%",
							"filter_type": 1,
							"comment_list": []
						}
					}, {
						"id": 438863431,
						"name": "霆锋酷辣鸡腿堡配大薯套餐",
						"min_price": 44,
						"praise_num": 1,
						"praise_content": "赞1",
						"tread_num": 0,
						"praise_num_new": 1,
						"unit": "个",
						"description": "霆锋酷辣鸡腿堡1个 大可乐1杯 大薯条1份",
						"picture": "http://p0.meituan.net/xianfu/1753ceba8b48c980e54491f98fdd0358341000.jpg",
						"month_saled": 12,
						"month_saled_content": "月售12",
						"status": 3,
						"status_description": "非可售时间",
						"product_label_picture": "",
						"rating": {
							"comment_count": 0,
							"title": "外卖评价",
							"snd_title": "暂无",
							"praise_friends": "",
							"like_ratio_desc": "好评度",
							"like_ratio": "100%",
							"filter_type": 1,
							"comment_list": []
						}
					}, {
						"id": 438863403,
						"name": "霆锋酷辣鸡腿堡配大玉套餐",
						"min_price": 44,
						"praise_num": 0,
						"praise_content": "赞0",
						"tread_num": 0,
						"praise_num_new": 0,
						"unit": "个",
						"description": "霆锋酷辣鸡腿堡1个 大可乐1杯 大玉米1份",
						"picture": "http://p1.meituan.net/xianfu/4d4e73501980b76fddafd47cb4ed87dd317275.jpg",
						"month_saled": 3,
						"month_saled_content": "月售3",
						"status": 3,
						"status_description": "非可售时间",
						"product_label_picture": "",
						"rating": {
							"comment_count": 0,
							"title": "外卖评价",
							"snd_title": "暂无",
							"praise_friends": "",
							"like_ratio_desc": "好评度",
							"like_ratio": "",
							"filter_type": 1,
							"comment_list": []
						}
					}, {
						"id": 151783280,
						"name": "经典麦辣鸡腿汉堡中薯套餐",
						"min_price": 29,
						"praise_num": 11,
						"praise_content": "赞11",
						"tread_num": 1,
						"praise_num_new": 11,
						"unit": "个",
						"description": "1个经典麦辣鸡腿汉堡 1份薯条(中) 1杯可口可乐(中)",
						"picture": "http://p1.meituan.net/xianfu/7d8678b48687b91e478be0f0c1f4c8e1361240.png",
						"month_saled": 608,
						"month_saled_content": "月售608",
						"status": 3,
						"status_description": "非可售时间",
						"product_label_picture": "",
						"rating": {
							"comment_count": 6,
							"title": "外卖评价",
							"snd_title": "6条评论",
							"praise_friends": "",
							"like_ratio_desc": "好评度",
							"like_ratio": "91%",
							"filter_type": 1,
							"comment_list": [
								{
									"user_icon": "",
									"user_name": "匿名用户",
									"comment_time": "2017.09.07",
									"comment_unix_time": 1504775663,
									"comment_content": "#小食纷享盒（含鸡排）##麦辣鸡腿汉堡中套餐##蜜汁柠檬风味那么大鸡翅#"
								}, {
									"user_icon": "https://img.meituan.net/avatar/4df07741b8a7c4bd69ab72097eb8ed5a23369.jpg",
									"user_name": "无1139",
									"comment_time": "2017.08.15",
									"comment_unix_time": 1502779026,
									"comment_content": "#麦辣鸡腿汉堡中套餐#好吃"
								}
							]
						}
					}, {
						"id": 438854276,
						"name": "经典麦辣鸡腿汉堡小玉套餐",
						"min_price": 29,
						"praise_num": 0,
						"praise_content": "赞0",
						"tread_num": 0,
						"praise_num_new": 0,
						"unit": "个",
						"description": "1个经典麦辣鸡腿汉堡 1个玉米杯(小) 1杯可口可乐(中)",
						"picture": "http://p1.meituan.net/xianfu/4ff9459504382af7ea3a2713d0109906290670.png",
						"month_saled": 16,
						"month_saled_content": "月售16",
						"status": 3,
						"status_description": "非可售时间",
						"product_label_picture": "",
						"rating": {
							"comment_count": 0,
							"title": "外卖评价",
							"snd_title": "暂无",
							"praise_friends": "",
							"like_ratio_desc": "好评度",
							"like_ratio": "",
							"filter_type": 1,
							"comment_list": []
						}
					}, {
						"id": 151784005,
						"name": "经典麦辣鸡腿汉堡大薯套餐",
						"min_price": 33,
						"praise_num": 3,
						"praise_content": "赞3",
						"tread_num": 0,
						"praise_num_new": 3,
						"unit": "个",
						"description": "1个经典麦辣鸡腿汉堡 1份薯条(大) 1杯可口可乐(大)",
						"picture": "http://p0.meituan.net/xianfu/0435ef472681684c7515493cc8612370364228.png",
						"month_saled": 85,
						"month_saled_content": "月售85",
						"status": 3,
						"status_description": "非可售时间",
						"product_label_picture": "",
						"rating": {
							"comment_count": 4,
							"title": "外卖评价",
							"snd_title": "4条评论",
							"praise_friends": "",
							"like_ratio_desc": "好评度",
							"like_ratio": "100%",
							"filter_type": 1,
							"comment_list": [
								{
									"user_icon": "",
									"user_name": "匿名用户",
									"comment_time": "2017.10.14",
									"comment_unix_time": 1507959265,
									"comment_content": "很不错👍#经典麦辣鸡腿汉堡大薯套餐##经典麦辣鸡腿汉堡大薯套餐#"
								}, {
									"user_icon": "",
									"user_name": "匿名用户",
									"comment_time": "2017.08.11",
									"comment_unix_time": 1502466548,
									"comment_content": "汉堡不错 薯条都不酥了"
								}
							]
						}
					}, {
						"id": 438853649,
						"name": "经典麦辣鸡腿汉堡大玉套餐",
						"min_price": 33,
						"praise_num": 0,
						"praise_content": "赞0",
						"tread_num": 0,
						"praise_num_new": 0,
						"unit": "个",
						"description": "1个经典麦辣鸡腿汉堡 1个玉米杯(大) 1杯可口可乐(大)",
						"picture": "http://p1.meituan.net/xianfu/3db1cc51ef58c8b247d2d6d0748d42d9280407.png",
						"month_saled": 9,
						"month_saled_content": "月售9",
						"status": 3,
						"status_description": "非可售时间",
						"product_label_picture": "",
						"rating": {
							"comment_count": 0,
							"title": "外卖评价",
							"snd_title": "暂无",
							"praise_friends": "",
							"like_ratio_desc": "好评度",
							"like_ratio": "",
							"filter_type": 1,
							"comment_list": []
						}
					}, {
						"id": 110713378,
						"name": "原味板烧鸡腿堡中薯套餐",
						"min_price": 30,
						"praise_num": 4,
						"praise_content": "赞4",
						"tread_num": 0,
						"praise_num_new": 4,
						"unit": "个",
						"description": "1个原味板烧鸡腿堡 1份薯条(中) 1杯可口可乐(中)",
						"picture": "http://p1.meituan.net/xianfu/71f534915c7763796729a1d9721fb1f1389269.png",
						"month_saled": 337,
						"month_saled_content": "月售337",
						"status": 3,
						"status_description": "非可售时间",
						"product_label_picture": "",
						"rating": {
							"comment_count": 2,
							"title": "外卖评价",
							"snd_title": "2条评论",
							"praise_friends": "",
							"like_ratio_desc": "好评度",
							"like_ratio": "100%",
							"filter_type": 1,
							"comment_list": [
								{
									"user_icon": "",
									"user_name": "匿名用户",
									"comment_time": "2017.08.22",
									"comment_unix_time": 1503408334,
									"comment_content": "缩小了吗#原味板烧鸡腿堡中套餐#"
								}, {
									"user_icon": "https://img.meituan.net/avatar/41aaa02a7ef43eb09dd6cc404e06990023891.jpg",
									"user_name": "kong2185",
									"comment_time": "2017.07.22",
									"comment_unix_time": 1500708113,
									"comment_content": "鸡腿好辣嗷不过味道可以"
								}
							]
						}
					}, {
						"id": 438902181,
						"name": "原味板烧鸡腿堡小玉套餐",
						"min_price": 30,
						"praise_num": 0,
						"praise_content": "赞0",
						"tread_num": 0,
						"praise_num_new": 0,
						"unit": "个",
						"description": "1个原味板烧鸡腿堡 1个玉米杯(小) 1杯可口可乐(中)",
						"picture": "http://p0.meituan.net/xianfu/57dfa047b536aa0ddc5f2252ca1e77d5301547.png",
						"month_saled": 20,
						"month_saled_content": "月售20",
						"status": 3,
						"status_description": "非可售时间",
						"product_label_picture": "",
						"rating": {
							"comment_count": 0,
							"title": "外卖评价",
							"snd_title": "暂无",
							"praise_friends": "",
							"like_ratio_desc": "好评度",
							"like_ratio": "",
							"filter_type": 1,
							"comment_list": []
						}
					}
				]
			}, {
				"name": "小食",
				"icon": "",
				"spus": [
					{
						"id": 384709076,
						"name": "蜜汁柠檬风味那么大鸡翅",
						"min_price": 16,
						"praise_num": 0,
						"praise_content": "赞0",
						"tread_num": 1,
						"praise_num_new": 0,
						"unit": "例",
						"description": "蜜汁柠檬风味那么大鸡翅1个",
						"picture": "http://p1.meituan.net/xianfu/71c54adb5278252857b9fd103134170d75129.jpg",
						"month_saled": 70,
						"month_saled_content": "月售70",
						"status": 3,
						"status_description": "非可售时间",
						"product_label_picture": "",
						"rating": {
							"comment_count": 2,
							"title": "外卖评价",
							"snd_title": "2条评论",
							"praise_friends": "",
							"like_ratio_desc": "好评度",
							"like_ratio": "0%",
							"filter_type": 1,
							"comment_list": [
								{
									"user_icon": "",
									"user_name": "GDq177157764",
									"comment_time": "2017.09.28",
									"comment_unix_time": 1506612877,
									"comment_content": " 鸡翅感觉味道不是很好，包装薯条可以用小袋子装好。有点散落"
								}, {
									"user_icon": "",
									"user_name": "匿名用户",
									"comment_time": "2017.09.07",
									"comment_unix_time": 1504775663,
									"comment_content": "#小食纷享盒（含鸡排）##麦辣鸡腿汉堡中套餐##蜜汁柠檬风味那么大鸡翅#"
								}
							]
						}
					}, {
						"id": 294852022,
						"name": "果木烟熏风味那么大鸡翅",
						"min_price": 16,
						"praise_num": 0,
						"praise_content": "赞0",
						"tread_num": 0,
						"praise_num_new": 0,
						"unit": "例",
						"description": "果木烟熏风味那么大鸡翅1个",
						"picture": "http://p0.meituan.net/xianfu/747a06549fafa6ccec259322b42d822777591.jpg",
						"month_saled": 0,
						"month_saled_content": "月售0",
						"status": 3,
						"status_description": "非可售时间",
						"product_label_picture": "",
						"rating": {
							"comment_count": 1,
							"title": "外卖评价",
							"snd_title": "1条评论",
							"praise_friends": "",
							"like_ratio_desc": "好评度",
							"like_ratio": "",
							"filter_type": 1,
							"comment_list": [
								{
									"user_icon": "",
									"user_name": "zjblyq",
									"comment_time": "2017.07.26",
									"comment_unix_time": 1501073439,
									"comment_content": "女朋友越来越肥了#麦辣鸡翅4块##经典麦辣鸡腿汉堡##那么大鸡翅-果木烟熏风味#"
								}
							]
						}
					}, {
						"id": 369129082,
						"name": "原味那么大鸡排",
						"min_price": 12,
						"praise_num": 0,
						"praise_content": "赞0",
						"tread_num": 0,
						"praise_num_new": 0,
						"unit": "例",
						"description": "",
						"picture": "http://p1.meituan.net/xianfu/1d10359106bac049aace956c563a03e3108864.jpg",
						"month_saled": 106,
						"month_saled_content": "月售106",
						"status": 3,
						"status_description": "非可售时间",
						"product_label_picture": "",
						"rating": {
							"comment_count": 0,
							"title": "外卖评价",
							"snd_title": "暂无",
							"praise_friends": "",
							"like_ratio_desc": "好评度",
							"like_ratio": "",
							"filter_type": 1,
							"comment_list": []
						}
					}, {
						"id": 438862759,
						"name": "薯条就酱田园芥末蜂蜜味",
						"min_price": 13,
						"praise_num": 4,
						"praise_content": "赞4",
						"tread_num": 2,
						"praise_num_new": 4,
						"unit": "例",
						"description": "薯条就酱田园芥末蜂蜜风味1份",
						"picture": "http://p0.meituan.net/xianfu/3f49d98ccb827c6bc38fdd3a254ec1b31605664.jpg",
						"month_saled": 75,
						"month_saled_content": "月售75",
						"status": 3,
						"status_description": "非可售时间",
						"product_label_picture": "",
						"rating": {
							"comment_count": 0,
							"title": "外卖评价",
							"snd_title": "暂无",
							"praise_friends": "",
							"like_ratio_desc": "好评度",
							"like_ratio": "66%",
							"filter_type": 1,
							"comment_list": []
						}
					}, {
						"id": 96985579,
						"name": "麦辣鸡翅2块",
						"min_price": 11,
						"praise_num": 22,
						"praise_content": "赞22",
						"tread_num": 0,
						"praise_num_new": 22,
						"unit": "例",
						"description": "",
						"picture": "http://p0.meituan.net/xianfu/38bbfa3f955cbce3330f1cb6818d0ce6216794.png",
						"month_saled": 948,
						"month_saled_content": "月售948",
						"status": 3,
						"status_description": "非可售时间",
						"product_label_picture": "",
						"rating": {
							"comment_count": 4,
							"title": "外卖评价",
							"snd_title": "4条评论",
							"praise_friends": "",
							"like_ratio_desc": "好评度",
							"like_ratio": "100%",
							"filter_type": 1,
							"comment_list": [
								{
									"user_icon": "https://img.meituan.net/avatar/71ef89fa000e783d5b8d86c2767a9d28195580.jpg",
									"user_name": "ejX309524666",
									"comment_time": "2017.08.31",
									"comment_unix_time": 1504161290,
									"comment_content": "#奶油坚果酱中套餐#不好吃。还是奥尔良，麦辣鸡腿那些最经典的汉堡好吃。薯条软得不能再软了。我备注了可乐换芬达也没有换。#麦辣鸡翅2块#就还好，里面的肉挺嫩的，很入味。"
								}, {
									"user_icon": "https://img.meituan.net/avatar/6571c42526237b0118f437418e989d1187445.jpg",
									"user_name": "EAG789830055",
									"comment_time": "2017.08.18",
									"comment_unix_time": 1503030166,
									"comment_content": "#麦辣鸡翅2块#送错"
								}
							]
						}
					}, {
						"id": 96985585,
						"name": "麦辣鸡翅4块",
						"min_price": 22,
						"praise_num": 7,
						"praise_content": "赞7",
						"tread_num": 0,
						"praise_num_new": 7,
						"unit": "例",
						"description": "",
						"picture": "http://p0.meituan.net/xianfu/416b9ebd6b13d45b39cac9f7a21967ba234597.png",
						"month_saled": 402,
						"month_saled_content": "月售402",
						"status": 3,
						"status_description": "非可售时间",
						"product_label_picture": "",
						"rating": {
							"comment_count": 11,
							"title": "外卖评价",
							"snd_title": "11条评论",
							"praise_friends": "",
							"like_ratio_desc": "好评度",
							"like_ratio": "100%",
							"filter_type": 1,
							"comment_list": [
								{
									"user_icon": "https://img.meituan.net/avatar/7ad80904126baabba33ea41024cd545b21530.jpg",
									"user_name": "張弓長",
									"comment_time": "2017.10.06",
									"comment_unix_time": 1507300695,
									"comment_content": "#小食纷享盒A（含薯条就酱）##麦辣鸡翅4块##经典麦辣鸡腿汉堡#送餐有点慢"
								}, {
									"user_icon": "",
									"user_name": "GDq177157764",
									"comment_time": "2017.09.28",
									"comment_unix_time": 1506612877,
									"comment_content": " 鸡翅感觉味道不是很好，包装薯条可以用小袋子装好。有点散落"
								}
							]
						}
					}, {
						"id": 414036643,
						"name": "小食纷享盒B（含麦辣鸡翅）",
						"min_price": 30,
						"praise_num": 2,
						"praise_content": "赞2",
						"tread_num": 0,
						"praise_num_new": 2,
						"unit": "例",
						"description": "大鸡排1份 麦辣鸡翅1对 麦乐鸡4块",
						"picture": "http://p0.meituan.net/xianfu/023d6afe34ddf6e8a3ae433568afb4fa56980.jpg",
						"month_saled": 87,
						"month_saled_content": "月售87",
						"status": 3,
						"status_description": "非可售时间",
						"product_label_picture": "",
						"rating": {
							"comment_count": 1,
							"title": "外卖评价",
							"snd_title": "1条评论",
							"praise_friends": "",
							"like_ratio_desc": "好评度",
							"like_ratio": "100%",
							"filter_type": 1,
							"comment_list": [
								{
									"user_icon": "",
									"user_name": "匿名用户",
									"comment_time": "2017.09.07",
									"comment_unix_time": 1504775663,
									"comment_content": "#小食纷享盒（含鸡排）##麦辣鸡腿汉堡中套餐##蜜汁柠檬风味那么大鸡翅#"
								}
							]
						}
					}, {
						"id": 96985053,
						"name": "麦辣鸡翅9块",
						"min_price": 44,
						"praise_num": 2,
						"praise_content": "赞2",
						"tread_num": 0,
						"praise_num_new": 2,
						"unit": "例",
						"description": "",
						"picture": "http://p0.meituan.net/xianfu/a6fea039b5b1461cfe2431a00ed4cd87244211.png",
						"month_saled": 66,
						"month_saled_content": "月售66",
						"status": 3,
						"status_description": "非可售时间",
						"product_label_picture": "",
						"rating": {
							"comment_count": 0,
							"title": "外卖评价",
							"snd_title": "暂无",
							"praise_friends": "",
							"like_ratio_desc": "好评度",
							"like_ratio": "100%",
							"filter_type": 1,
							"comment_list": []
						}
					}, {
						"id": 96985064,
						"name": "香骨鸡腿",
						"min_price": 12,
						"praise_num": 6,
						"praise_content": "赞6",
						"tread_num": 0,
						"praise_num_new": 6,
						"unit": "例",
						"description": "",
						"picture": "http://p1.meituan.net/xianfu/e2bc458aec29f590dca898919077d839237268.png",
						"month_saled": 207,
						"month_saled_content": "月售207",
						"status": 3,
						"status_description": "非可售时间",
						"product_label_picture": "",
						"rating": {
							"comment_count": 4,
							"title": "外卖评价",
							"snd_title": "4条评论",
							"praise_friends": "",
							"like_ratio_desc": "好评度",
							"like_ratio": "100%",
							"filter_type": 1,
							"comment_list": [
								{
									"user_icon": "https://img.meituan.net/avatar/7ad80904126baabba33ea41024cd545b21530.jpg",
									"user_name": "張弓長",
									"comment_time": "2017.10.06",
									"comment_unix_time": 1507300695,
									"comment_content": "#小食纷享盒A（含薯条就酱）##麦辣鸡翅4块##经典麦辣鸡腿汉堡#送餐有点慢"
								}, {
									"user_icon": "https://img.meituan.net/avatar/41aaa02a7ef43eb09dd6cc404e06990023891.jpg",
									"user_name": "kong2185",
									"comment_time": "2017.07.22",
									"comment_unix_time": 1500708113,
									"comment_content": "鸡腿好辣嗷不过味道可以"
								}
							]
						}
					}, {
						"id": 111831228,
						"name": "麦辣鸡翅4块中薯套餐",
						"min_price": 34,
						"praise_num": 0,
						"praise_content": "赞0",
						"tread_num": 0,
						"praise_num_new": 0,
						"unit": "个",
						"description": "4块麦辣鸡翅 1份薯条(中) 1杯可口可乐(中)",
						"picture": "http://p0.meituan.net/xianfu/33770d159c48e773c32b0ef87ce12aa3121130.jpg",
						"month_saled": 44,
						"month_saled_content": "月售44",
						"status": 3,
						"status_description": "非可售时间",
						"product_label_picture": "",
						"rating": {
							"comment_count": 0,
							"title": "外卖评价",
							"snd_title": "暂无",
							"praise_friends": "",
							"like_ratio_desc": "好评度",
							"like_ratio": "",
							"filter_type": 1,
							"comment_list": []
						}
					}, {
						"id": 96985060,
						"name": "麦乐鸡10块",
						"min_price": 22,
						"praise_num": 0,
						"praise_content": "赞0",
						"tread_num": 1,
						"praise_num_new": 0,
						"unit": "例",
						"description": "10块麦乐鸡",
						"picture": "http://p1.meituan.net/xianfu/9634b2961d8dd371f53be9db3a0dd9e4234713.png",
						"month_saled": 57,
						"month_saled_content": "月售57",
						"status": 3,
						"status_description": "非可售时间",
						"product_label_picture": "",
						"rating": {
							"comment_count": 0,
							"title": "外卖评价",
							"snd_title": "暂无",
							"praise_friends": "",
							"like_ratio_desc": "好评度",
							"like_ratio": "0%",
							"filter_type": 1,
							"comment_list": []
						}
					}, {
						"id": 438849281,
						"name": "麦辣鸡翅4块小玉套餐",
						"min_price": 34,
						"praise_num": 0,
						"praise_content": "赞0",
						"tread_num": 0,
						"praise_num_new": 0,
						"unit": "个",
						"description": "4块麦辣鸡翅 1个玉米杯(小) 1杯可口可乐(中)",
						"picture": "http://p1.meituan.net/xianfu/8bbc848f08787f413bb2a61e588323dc36284.jpg",
						"month_saled": 4,
						"month_saled_content": "月售4",
						"status": 3,
						"status_description": "非可售时间",
						"product_label_picture": "",
						"rating": {
							"comment_count": 0,
							"title": "外卖评价",
							"snd_title": "暂无",
							"praise_friends": "",
							"like_ratio_desc": "好评度",
							"like_ratio": "",
							"filter_type": 1,
							"comment_list": []
						}
					}
				]
			}, {
				"name": "饮品",
				"icon": "",
				"spus": [
					{
						"id": 438851287,
						"name": "海盐柠檬苏打味汽水",
						"min_price": 11.5,
						"praise_num": 2,
						"praise_content": "赞2",
						"tread_num": 0,
						"praise_num_new": 2,
						"unit": "例",
						"description": "黄檬檬海盐柠檬苏打 1杯",
						"picture": "http://p0.meituan.net/xianfu/e52f46a35ac3637929be444e82a8ba031440068.jpg",
						"month_saled": 30,
						"month_saled_content": "月售30",
						"status": 3,
						"status_description": "非可售时间",
						"product_label_picture": "",
						"rating": {
							"comment_count": 0,
							"title": "外卖评价",
							"snd_title": "暂无",
							"praise_friends": "",
							"like_ratio_desc": "好评度",
							"like_ratio": "100%",
							"filter_type": 1,
							"comment_list": []
						}
					}, {
						"id": 414036642,
						"name": "金柠鲜萃茶 冷",
						"min_price": 11.5,
						"praise_num": 3,
						"praise_content": "赞3",
						"tread_num": 0,
						"praise_num_new": 3,
						"unit": "例",
						"description": "",
						"picture": "http://p0.meituan.net/xianfu/935cd3bd884de84c2134820d351e00cc225442.jpg",
						"month_saled": 48,
						"month_saled_content": "月售48",
						"status": 3,
						"status_description": "非可售时间",
						"product_label_picture": "",
						"rating": {
							"comment_count": 1,
							"title": "外卖评价",
							"snd_title": "1条评论",
							"praise_friends": "",
							"like_ratio_desc": "好评度",
							"like_ratio": "100%",
							"filter_type": 1,
							"comment_list": [
								{
									"user_icon": "",
									"user_name": "匿名用户",
									"comment_time": "2017.09.09",
									"comment_unix_time": 1504895845,
									"comment_content": "#金柠鲜萃茶 冷#吸管都没有"
								}
							]
						}
					}, {
						"id": 414036645,
						"name": "金柠鲜萃茶 热",
						"min_price": 11.5,
						"praise_num": 0,
						"praise_content": "赞0",
						"tread_num": 0,
						"praise_num_new": 0,
						"unit": "例",
						"description": "金柠鲜萃茶(热)1杯",
						"picture": "http://p0.meituan.net/xianfu/8f3320606f96c38204c0a622a4f9aedd145566.jpg",
						"month_saled": 0,
						"month_saled_content": "月售0",
						"status": 3,
						"status_description": "非可售时间",
						"product_label_picture": "",
						"rating": {
							"comment_count": 0,
							"title": "外卖评价",
							"snd_title": "暂无",
							"praise_friends": "",
							"like_ratio_desc": "好评度",
							"like_ratio": "",
							"filter_type": 1,
							"comment_list": []
						}
					}, {
						"id": 96985578,
						"name": "柠檬红茶（大）",
						"min_price": 12,
						"praise_num": 3,
						"praise_content": "赞3",
						"tread_num": 0,
						"praise_num_new": 3,
						"unit": "例",
						"description": "柠檬红茶味饮料（大杯）",
						"picture": "http://p1.meituan.net/xianfu/604e4776d4aee590139ce60827eb3434198868.png",
						"month_saled": 26,
						"month_saled_content": "月售26",
						"status": 3,
						"status_description": "非可售时间",
						"product_label_picture": "",
						"rating": {
							"comment_count": 0,
							"title": "外卖评价",
							"snd_title": "暂无",
							"praise_friends": "",
							"like_ratio_desc": "好评度",
							"like_ratio": "100%",
							"filter_type": 1,
							"comment_list": []
						}
					}, {
						"id": 96985577,
						"name": "鲜煮咖啡（大杯）",
						"min_price": 11,
						"praise_num": 1,
						"praise_content": "赞1",
						"tread_num": 0,
						"praise_num_new": 1,
						"unit": "例",
						"description": "",
						"picture": "http://p0.meituan.net/xianfu/72653d8e8b515bb74747b41fc9edae2e163177.png",
						"month_saled": 38,
						"month_saled_content": "月售38",
						"status": 3,
						"status_description": "非可售时间",
						"product_label_picture": "",
						"rating": {
							"comment_count": 0,
							"title": "外卖评价",
							"snd_title": "暂无",
							"praise_friends": "",
							"like_ratio_desc": "好评度",
							"like_ratio": "100%",
							"filter_type": 1,
							"comment_list": []
						}
					}, {
						"id": 96985040,
						"name": "热朱古力",
						"min_price": 11.5,
						"praise_num": 1,
						"praise_content": "赞1",
						"tread_num": 0,
						"praise_num_new": 1,
						"unit": "例",
						"description": "",
						"picture": "http://p0.meituan.net/xianfu/bd0a9471992916e6f5399377d2b50f2e192093.png",
						"month_saled": 13,
						"month_saled_content": "月售13",
						"status": 3,
						"status_description": "非可售时间",
						"product_label_picture": "",
						"rating": {
							"comment_count": 0,
							"title": "外卖评价",
							"snd_title": "暂无",
							"praise_friends": "",
							"like_ratio_desc": "好评度",
							"like_ratio": "100%",
							"filter_type": 1,
							"comment_list": []
						}
					}, {
						"id": 96985043,
						"name": "红茶",
						"min_price": 11.5,
						"praise_num": 0,
						"praise_content": "赞0",
						"tread_num": 0,
						"praise_num_new": 0,
						"unit": "例",
						"description": "",
						"picture": "http://p1.meituan.net/xianfu/af13987f896175369b9b10bc020c3c32181548.png",
						"month_saled": 3,
						"month_saled_content": "月售3",
						"status": 3,
						"status_description": "非可售时间",
						"product_label_picture": "",
						"rating": {
							"comment_count": 0,
							"title": "外卖评价",
							"snd_title": "暂无",
							"praise_friends": "",
							"like_ratio_desc": "好评度",
							"like_ratio": "",
							"filter_type": 1,
							"comment_list": []
						}
					}
				]
			}, {
				"name": "甜品",
				"icon": "",
				"spus": [
					{
						"id": 438868392,
						"name": "霆锋曲奇新地（鸳鸯奶茶味）",
						"min_price": 11,
						"praise_num": 1,
						"praise_content": "赞1",
						"tread_num": 1,
						"praise_num_new": 1,
						"unit": "例",
						"description": "霆锋曲奇新地（鸳鸯奶茶口味）1份",
						"picture": "http://p1.meituan.net/xianfu/122c012388fcc831d72786ad0edf001a1514060.jpg",
						"month_saled": 34,
						"month_saled_content": "月售34",
						"status": 3,
						"status_description": "非可售时间",
						"product_label_picture": "",
						"rating": {
							"comment_count": 0,
							"title": "外卖评价",
							"snd_title": "暂无",
							"praise_friends": "",
							"like_ratio_desc": "好评度",
							"like_ratio": "50%",
							"filter_type": 1,
							"comment_list": []
						}
					}, {
						"id": 438868793,
						"name": "草莓新地（鸳鸯奶茶口味）",
						"min_price": 10,
						"praise_num": 0,
						"praise_content": "赞0",
						"tread_num": 0,
						"praise_num_new": 0,
						"unit": "例",
						"description": "草莓新地（鸳鸯奶茶口味）1份",
						"picture": "http://p0.meituan.net/xianfu/2a581dbb28d38388b2dd3fa1388f23f81514962.jpg",
						"month_saled": 50,
						"month_saled_content": "月售50",
						"status": 3,
						"status_description": "非可售时间",
						"product_label_picture": "",
						"rating": {
							"comment_count": 0,
							"title": "外卖评价",
							"snd_title": "暂无",
							"praise_friends": "",
							"like_ratio_desc": "好评度",
							"like_ratio": "",
							"filter_type": 1,
							"comment_list": []
						}
					}, {
						"id": 438863568,
						"name": "麦旋风奥利奥原味（鸳鸯奶茶味）",
						"min_price": 13,
						"praise_num": 1,
						"praise_content": "赞1",
						"tread_num": 0,
						"praise_num_new": 1,
						"unit": "例",
						"description": "麦旋风奥利奥原味（鸳鸯奶茶口味）1份",
						"picture": "http://p1.meituan.net/xianfu/0c680a48d1b50f6589e374859929fd181558608.jpg",
						"month_saled": 18,
						"month_saled_content": "月售18",
						"status": 3,
						"status_description": "非可售时间",
						"product_label_picture": "",
						"rating": {
							"comment_count": 0,
							"title": "外卖评价",
							"snd_title": "暂无",
							"praise_friends": "",
							"like_ratio_desc": "好评度",
							"like_ratio": "100%",
							"filter_type": 1,
							"comment_list": []
						}
					}, {
						"id": 438865991,
						"name": "麦旋风草莓味（鸳鸯奶茶口味）",
						"min_price": 13,
						"praise_num": 0,
						"praise_content": "赞0",
						"tread_num": 1,
						"praise_num_new": 0,
						"unit": "例",
						"description": "",
						"picture": "http://p0.meituan.net/xianfu/6c10131eb434f113f1aa68ef4d89b962173656.jpg",
						"month_saled": 19,
						"month_saled_content": "月售19",
						"status": 3,
						"status_description": "非可售时间",
						"product_label_picture": "",
						"rating": {
							"comment_count": 0,
							"title": "外卖评价",
							"snd_title": "暂无",
							"praise_friends": "",
							"like_ratio_desc": "好评度",
							"like_ratio": "0%",
							"filter_type": 1,
							"comment_list": []
						}
					}, {
						"id": 96985588,
						"name": "香芋派",
						"min_price": 7,
						"praise_num": 6,
						"praise_content": "赞6",
						"tread_num": 0,
						"praise_num_new": 6,
						"unit": "例",
						"description": "",
						"picture": "http://p1.meituan.net/xianfu/aaca50687be923c0758429b2fce98154184600.png",
						"month_saled": 77,
						"month_saled_content": "月售77",
						"status": 3,
						"status_description": "非可售时间",
						"product_label_picture": "",
						"rating": {
							"comment_count": 0,
							"title": "外卖评价",
							"snd_title": "暂无",
							"praise_friends": "",
							"like_ratio_desc": "好评度",
							"like_ratio": "100%",
							"filter_type": 1,
							"comment_list": []
						}
					}, {
						"id": 438868971,
						"name": "可口派",
						"min_price": 8.5,
						"praise_num": 0,
						"praise_content": "赞0",
						"tread_num": 0,
						"praise_num_new": 0,
						"unit": "例",
						"description": "可口派1个",
						"picture": "http://p1.meituan.net/xianfu/d32dcf3dd572f516fa45a8323dca61b41519619.jpg",
						"month_saled": 16,
						"month_saled_content": "月售16",
						"status": 3,
						"status_description": "非可售时间",
						"product_label_picture": "",
						"rating": {
							"comment_count": 0,
							"title": "外卖评价",
							"snd_title": "暂无",
							"praise_friends": "",
							"like_ratio_desc": "好评度",
							"like_ratio": "",
							"filter_type": 1,
							"comment_list": []
						}
					}
				]
			}, {
				"name": "开心乐园餐",
				"icon": "",
				"spus": [
					{
						"id": 97101292,
						"name": "开心乐园餐（汉堡包）配小玉米",
						"min_price": 20,
						"praise_num": 0,
						"praise_content": "赞0",
						"tread_num": 0,
						"praise_num_new": 0,
						"unit": "个",
						"description": "1个汉堡包 1份玉米杯（小） 1杯牛奶（小） 1个免费玩具",
						"picture": "http://p0.meituan.net/xianfu/6fc6c007f0b81687222d891445a6fd00257935.png",
						"month_saled": 5,
						"month_saled_content": "月售5",
						"status": 3,
						"status_description": "非可售时间",
						"product_label_picture": "",
						"rating": {
							"comment_count": 0,
							"title": "外卖评价",
							"snd_title": "暂无",
							"praise_friends": "",
							"like_ratio_desc": "好评度",
							"like_ratio": "",
							"filter_type": 1,
							"comment_list": []
						}
					}, {
						"id": 97101293,
						"name": "开心乐园餐（麦乐鸡）配小玉米",
						"min_price": 21,
						"praise_num": 0,
						"praise_content": "赞0",
						"tread_num": 0,
						"praise_num_new": 0,
						"unit": "个",
						"description": "4块麦乐鸡 1份玉米杯（小） 1杯牛奶（小） 1个免费玩具",
						"picture": "http://p0.meituan.net/xianfu/7e675d20f6f7c5fd2bfbbf30191681cf259465.png",
						"month_saled": 4,
						"month_saled_content": "月售4",
						"status": 3,
						"status_description": "非可售时间",
						"product_label_picture": "",
						"rating": {
							"comment_count": 0,
							"title": "外卖评价",
							"snd_title": "暂无",
							"praise_friends": "",
							"like_ratio_desc": "好评度",
							"like_ratio": "",
							"filter_type": 1,
							"comment_list": []
						}
					}, {
						"id": 221795398,
						"name": "开心乐园餐配小薯条",
						"min_price": 21,
						"praise_num": 0,
						"praise_content": "赞0",
						"tread_num": 0,
						"praise_num_new": 0,
						"unit": "个",
						"description": "1个吉士汉堡包 1份薯条（小） 1杯牛奶（小） 1个免费玩具 开心乐园餐（吉士汉堡包）配小薯条",
						"picture": "http://p0.meituan.net/xianfu/7d6aab761ee96ab1c2ec81ce53370700243369.png",
						"month_saled": 8,
						"month_saled_content": "月售8",
						"status": 3,
						"status_description": "非可售时间",
						"product_label_picture": "",
						"rating": {
							"comment_count": 0,
							"title": "外卖评价",
							"snd_title": "暂无",
							"praise_friends": "",
							"like_ratio_desc": "好评度",
							"like_ratio": "",
							"filter_type": 1,
							"comment_list": []
						}
					}, {
						"id": 221795399,
						"name": "开心乐园餐（汉堡包）配小薯条",
						"min_price": 20,
						"praise_num": 0,
						"praise_content": "赞0",
						"tread_num": 0,
						"praise_num_new": 0,
						"unit": "个",
						"description": "1个汉堡包 1份薯条（小） 1杯牛奶（小） 1个免费玩具",
						"picture": "http://p1.meituan.net/xianfu/3893db2936c0ca37f9f8a11f4d3073b4239114.png",
						"month_saled": 6,
						"month_saled_content": "月售6",
						"status": 3,
						"status_description": "非可售时间",
						"product_label_picture": "",
						"rating": {
							"comment_count": 0,
							"title": "外卖评价",
							"snd_title": "暂无",
							"praise_friends": "",
							"like_ratio_desc": "好评度",
							"like_ratio": "",
							"filter_type": 1,
							"comment_list": []
						}
					}, {
						"id": 97101200,
						"name": "开心乐园餐配小玉米",
						"min_price": 21,
						"praise_num": 0,
						"praise_content": "赞0",
						"tread_num": 0,
						"praise_num_new": 0,
						"unit": "个",
						"description": "1个吉士汉堡包 1份玉米杯（小） 1杯牛奶（小） 1个免费玩具 开心乐园餐（吉士汉堡包）配小玉米",
						"picture": "http://p0.meituan.net/xianfu/d250874bc5fea8865aae5295d3c191c3263476.png",
						"month_saled": 3,
						"month_saled_content": "月售3",
						"status": 3,
						"status_description": "非可售时间",
						"product_label_picture": "",
						"rating": {
							"comment_count": 0,
							"title": "外卖评价",
							"snd_title": "暂无",
							"praise_friends": "",
							"like_ratio_desc": "好评度",
							"like_ratio": "",
							"filter_type": 1,
							"comment_list": []
						}
					}
				]
			}
		],
		"poi_info": {
			"name": "厦门麦当劳明智餐厅",
			"shipping_time": "00:00-04:45,05:00-10:15,10:30-23:59",
			"wm_poi_score":4.7,
			"discounts2": [
				{
					"info": "新用户立减17元,首次使用银行卡支付最高再减3元",
					"icon_url": "http://p0.meituan.net/xianfu/019d1bbb1310b1531e6af6172c9a5095581.png"
				}
			],
			"shipping_fee_tip": "配送 ¥9",
			"min_price_tip": "起送 ¥0",
			"delivery_time_tip": "30分钟",
			"poi_back_pic_url": "http://p1.meituan.net/aichequan/dfd39d77d47dfd6df4e1c07ab2e87458193641.png",
			"pic_url": "http://p0.meituan.net/xianfu/fd3a8462080c71f60f2581c2e7c1d3f43010.jpeg",
			"head_pic_url": "http://p0.meituan.net/xianfu/19c002c5963a289206e756092995a2fe230070.jpg"
		}
	},
	"code": 0,
	"msg": "成功"
}
