{
	"data": {
		"id": 495579,
		"status": 1,
		"status_desc": "",
		"name": "厦门麦当劳明智餐厅",
		"call_center": "4000517117",
		"address": "广东省深圳市宝安区明治大道潜龙鑫茂花园",
		"pic_url": "http://p0.meituan.net/xianfu/fd3a8462080c71f60f2581c2e7c1d3f43010.jpeg",
		"shipping_time": "00:00-04:45,05:00-10:15,10:30-23:59",
		"shipping_fee": 9,
		"min_price": 0,
		"bulletin": "",
		"wm_poi_score": 4.7,
		"in_time_delivery_percent": 100,
		"in_time_delivery_percent_ranking": 85,
		"avg_accept_order_time": 0,
		"avg_accept_order_time_ranking": 0,
		"avg_delivery_time": 30,
		"avg_delivery_time_ranking": 80,
		"comment_num": 3683,
		"discounts2": [
			{
				"id": 1,
				"type": 4,
				"info": "新用户立减17元,首次使用银行卡支付最高再减3元(在线支付专享)",
				"icon_url": "http://p0.meituan.net/xianfu/019d1bbb1310b1531e6af6172c9a5095581.png",
				"use_icon_from_server": 1,
				"display_code": 2,
				"sequence": 3
			}
		],
		"app_delivery_tip": "由 商家 提供配送服务",
		"warn_tips": "",
		"support_pay": 1,
		"invoice_support": 1,
		"remind_count": 0,
		"remind_tip": "",
		"is_favorite": 0,
		"show_info": [
			{
				"name": "商家评分",
				"value": "4.7",
				"unit": "分",
				"is_score": true
			}, {
				"name": "平均速度",
				"value": "30",
				"unit": "分钟",
				"is_score": false
			}, {
				"name": "及时送达",
				"value": "100",
				"unit": "%",
				"is_score": false
			}
		],
		"poi_env": {
			"show": true,
			"thumbnails_url": "http://qcloud.dpfile.com/pc/gTO6A5LeLS5261jz3tXDJJtaoD68aUKQtaxTW05Tv7OvUfSEWLnOs9Vq_Gu0SkrY.jpg",
			"thumbnails_url_list": [
				"http://qcloud.dpfile.com/pc/gTO6A5LeLS5261jz3tXDJJtaoD68aUKQtaxTW05Tv7OvUfSEWLnOs9Vq_Gu0SkrY.jpg",
				"http://qcloud.dpfile.com/pc/WPuraHOicibBVvxsMUj-OCjWBwgRN4e4_EL-E3yjMNmzfVCCtPUsYgnfMCmskRnK.jpg",
				"http://qcloud.dpfile.com/pc/6A4fSAuB8m3n9610XbtYMfzjkC3x8Q0u5Cf7dtqxgk0xG7cJk6iqLUc2dQ6mGxcb.jpg",
				"http://qcloud.dpfile.com/pc/Qi3zJi6p0klBQ4pBlsl5DQYYX9vOUoSE3k3GrPT5UAuvUfSEWLnOs9Vq_Gu0SkrY.jpg",
				"http://qcloud.dpfile.com/pc/ir519cxeS7EPSrTwvR0h19m4KMsu9DJcXjKQbCkRx9SZh2w0o7tajrtydIYlPtkv.jpg",
				"http://qcloud.dpfile.com/pc/GKP7RuBzjUSU27vkqDRA04njqVJ6dkz7jTUFSQIYJqVoa32pj_cACV1FTkIDfbG_.jpg"
			]
		},
		"share_tip": {
			"description": "商家配送范围有限，建议分享给您附近的朋友",
			"description_icon": "",
			"share_button_icon": "",
			"activity_id": 0,
			"share_info": {
				"icon": "http://p0.meituan.net/xianfu/fd3a8462080c71f60f2581c2e7c1d3f43010.jpeg",
				"title": "深圳麦当劳明智餐厅",
				"content": "美团外卖深圳麦当劳明智餐厅给你送货上门的温暖",
				"url": "http://i.waimai.meituan.com/external/poi/347438072889811?utm_source=5801&wmi_from=cpoiinfo&user_id=0",
				"weixin_url": "pages/external/poi?poi_id=347438072889811&user_id=0&utm_source=7004"
			}
		},
		"latitude": 22609759,
		"longitude": 114043619,
		"distance": "2.1km",
		"shipping_fee_tip": "配送 ¥9",
		"min_price_tip": "起送 ¥0",
		"delivery_time_tip": "30分钟",
		"poi_sell_status": 1,
		"head_pic_url": "http://p0.meituan.net/xianfu/19c002c5963a289206e756092995a2fe230070.jpg",
		"promotion_head_pic_url": "",
		"poi_service": [
			{
				"icon": "http://p1.meituan.net/aichequan/f56b8bdf3c63622acc95eac7388c1bf8946.png",
				"content": "可开发票"
			}
		]
	},
	"code": 0,
	"msg": "成功"
}
